0, Agency 0,
1, Agency 1,
2, Agency 2,
3, Agency 3,
4, Agency 4,
5, Agency 5,
6, Agency 6,
7, Agency 7,
8, Agency 8,
9, Agency 9,
10, Agency 10,
11, Agency 11,
12, Agency 12,
13, Agency 13,
14, Agency 14,
15, Agency 15,
16, Agency 16,
17, Agency 17,
18, Agency 18,
19, Agency 19,
20, Agency 20,
21, Agency 21,
22, Agency 22,
23, Agency 23,
24, Agency 24,
25, Agency 25,
26, Agency 26,
27, Agency 27,
28, Agency 28,
29, Agency 29,
30, Agency 30,
31, Agency 31,
32, Agency 32,
33, Agency 33,
34, Agency 34,
35, Agency 35,
36, Agency 36,
37, Agency 37,
38, Agency 38,
39, Agency 39,
40, Agency 40,
41, Agency 41,
42, Agency 42,
43, Agency 43,
44, Agency 44,
45, Agency 45,
46, Agency 46,
47, Agency 47,
48, Agency 48,
49, Agency 49,
50, Agency 50,
51, Agency 51,
52, Agency 52,
53, Agency 53,
54, Agency 54,
55, Agency 55,
56, Agency 56,
57, Agency 57,
58, Agency 58,
59, Agency 59,
60, Agency 60,
61, Agency 61,
62, Agency 62,
63, Agency 63,
64, Agency 64,
65, Agency 65,
66, Agency 66,
67, Agency 67,
68, Agency 68,
69, Agency 69,
70, Agency 70,
71, Agency 71,
72, Agency 72,
73, Agency 73,
74, Agency 74,
75, Agency 75,
76, Agency 76,
77, Agency 77,
78, Agency 78,
79, Agency 79,
80, Agency 80,
81, Agency 81,
82, Agency 82,
83, Agency 83,
84, Agency 84,
85, Agency 85,
86, Agency 86,
87, Agency 87,
88, Agency 88,
89, Agency 89,
90, Agency 90,
91, Agency 91,
92, Agency 92,
93, Agency 93,
94, Agency 94,
95, Agency 95,
96, Agency 96,
97, Agency 97,
98, Agency 98,
99, Agency 99,
100, Agency 100